id;first_name;last_name;mobile;num
1;Sandy;Ward;Fresh Implementation;methodology Peru Soft
2;Jamel;Rolfson;Bedfordshire firewall;Gambia Handcrafted Frozen Pants
3;Ricky;Roob;Associate;Borders compelling
4;Sherwood;Yundt;Buckinghamshire Wooden;innovative
5;Frieda;Medhurst;multi-tasking Pants Games;payment Awesome Metal Ball Outdoors
6;Stefanie;Hayes;Frozen ADP;HTTP SMTP
7;Lonie;Jones;Optimization Handmade Ergonomic Concrete Mouse;Awesome
8;Laisha;Shanahan;Port Paradigm Forest;lavender
9;Maiya;Predovic;local;Cheese
10;Gordon;Prosacco;copy Republic of Korea bandwidth;Kids
