id;libelle;code;fichier
1;Rustic Steel Shirt;Soap Beauty Rubber;XSS HTTP Borders
2;Product sexy;indigo;Mauritius Rupee Orchestrator Orchestrator
3;quantifying International Savings Account;secured line disintermediate Buckinghamshire;mobile asynchronous withdrawal
4;Tuna knowledge user;Kids Mobility;generate Intelligent Plastic Bacon encoding
5;Awesome Club;Garden Handmade action-items;input
6;USB;Money Market Account;payment Money Market Account International
7;Supervisor infomediaries olive;engage bypassing;Towels capacitor sexy
8;cyan;Intranet connect Faroe Islands;alarm enable Gorgeous
9;synthesize Seamless;Product Refined;Buckinghamshire
10;Harbor Vision-oriented scale;Paradigm;copy
